Url;Titulo;Subtitulo;Cuerpo;Veracidad
https://www.adnradio.cl/nacional/2021/04/25/estas-son-las-20-comunas-con-mas-casos-activos-de-covid-19-segun-el-ultimo-informe-epidemiologico.html;Estas son las 20 comunas con más casos activos de COVID-19 según el último Informe Epidemiológico;Nueve comunas del país tienen más de mil contagiantes, de acuerdo al reporte.;Este sábado se dio a conocer el 114º Informe Epidemiológico elaborado por el Ministerio de Salud, en el que se registraron 58.349 casos activos de Covid-19 a nivel nacional hasta el 22 de abril.;True
https://www.radioagricultura.cl/nacional/2021/04/25/el-primero-de-15-vuelos-55-extranjeros-fueron-expulsados-de-chile-por-causas-judiciales-y-administrativas.html;El primero de 15 vuelos: 55 extranjeros fueron expulsados de Chile por causas judiciales y administrativas;;Este domingo 25 de abril de 2021 se materializó la expulsión de 55 extranjeros desde el Aeropuerto de Iquique con destino a Caracas, Venezuela. Se trata del primer operativo a través de la línea área SKY, contratada por el Ministerio del Interior y Seguridad Pública para realizar este tipo de operaciones desde Chile hacia el extranjero.;True
https://www.cooperativa.cl/noticias/pais/region-de-los-lagos/pdi-recupero-en-puerto-montt-dos-vehiculos-robados-en-santiago/2021-04-25/124800.html;PDI recuperó en Puerto Montt dos vehículos robados en Santiago;Se detuvo a una persona, la que quedó en prisión preventiva.;"La Policía de Investigaciones (PDI) recuperó dos vehículos robados -avaluados en 40 millones de pesos- y detuvo a una persona en el sector Puerta del Sur de Puerto Montt, en la Región de Los Lagos.

Según la información policial, la investigación se inició luego de detectar que un sujeto ofertaba por redes sociales dos vehículos, un automóvil marca Audi y una camioneta Mitsubishi, a un precio menor al del mercado real.

Las pericias detallaron que se trataba de vehículos que tenían sus placas patentes adulteradas y además mantenían encargos por robo tras haber sustraídos en la Región Metropolitana.

""Se logró identificar a una persona que se encontraba comercializando dos vehículos con encargo por robo, particularmente una camioneta Mitsubishi año 2019 y un auto de alta gama marca Audi, ambos avaluados aproximadamente en 40 millones de pesos"", informó Julio Navarro, inspector de la Brigada Investigadora de Robos de la PDI.

El funcionario policial también indicó que estos ""eran ofrecidos mediante diferentes redes sociales bajo la imagen de vehículos que no presentaban encargo por robo, en valores muy inferiores a los reales de mercado"".

Finalmente, Navarro dio a conocer que el vehículo Audi ""fue sustraído en la ciudad de Santiago bajo el conocido modus operandis de portonazo"".

Debido a este hecho, el investigado quedó en prisión preventiva durante los 60 días que se dieron de plazo para la investigación.";True
https://www.latercera.com/nacional/noticia/el-presidente-me-invito-a-tomar-un-vaso-de-agua-carabineros-detuvo-a-dos-personas-que-intentaron-llegar-hasta-la-casa-de-pinera/33DIYQCQ3BF6FNPDKD3OJB232Y/;Carabineros detuvo a dos personas que intentaron llegar hasta la residencia de Piñera asegurando que el Presidente los “invitó a tomar un vaso de agua”;Horas más tarde, un segundo hecho ocurrió cerca de la residencia del Mandatario cuando una mujer intentó traspasar el perímetro de seguridad del domicilio. Finalmente la mujer se dio a la fuga, pero logró ser detenida horas más tarde en Quilicura.;"Dos operativos se realizaron durante la jornada de ayer en los alrededores de la casa del Presidente Sebastián Piñera, en Las Condes.

El primero de ellos ocurrió pasadas las 14 horas, cuando dos personas que se transportaban al interior de un vehículo Toyota fueron controladas por Carabineros en la calle de la residencia del Mandatario. Al ser interrogados por el personal policial, uno de ellos manifestó que “vamos a la casa del Presidente”.

Ante eso, el efectivo comprobó que la persona no tenía ninguna audiencia con el Mandatario por lo que insistió en el motivo de su permanencia en el lugar. Como respuesta a la autoridad señaló que “el Presidente me invitó a tomar un vaso de agua”. Tras esto se le solicitó el permiso de desplazamiento y documentos; con los que no contaban, por lo que fueron detenidos.

Ambos -que no mantienen antecedentes previos- fueron trasladados hasta la 47º comisaría de Los Domínicos por el delito de infracción al artículo 318 del Código Penal.

Un segundo hecho ocurrió cerca de las 20 horas del miércoles, cuando en una intersección cercana a casa del jefe de Estado un vehículo color negro marca BMW conducido por una mujer intentó traspasar el perímetro de seguridad del domicilio de Piñera.

Por este motivo, el carabinero que se encontraba realizando el control le manifestó a la mujer que no podía acceder por esa ruta. En medio de esa situación, un peatón informó que la mujer habría lanzando una botella a un inmueble ubicado a unos 85 metros del control.";True
https://www.emol.com/noticias/Nacional/2021/04/25/1018959/Moteles-afirman-si-pueden-funcionar.html;"Asociación de Hoteles para Adultos cuestiona fiscalización a motel de La Florida y subraya que ""sí pueden funcionar""";"Tras la detención de 87 personas en uno de esos establecimientos, desde el rubro señalaron que ""nos llama mucho la atención que las entidades a cargo de las fiscalizaciones desconozcan lo expresado por la seremi de Salud"".";"SANTIAGO.- Con asombro reaccionaron en la Asociación de Hoteles para Adultos de Chile (AHPA) tras conocer lo ocurrido esta madrugada en la comuna de La Florida, donde personal de Carabineros fiscalizó un motel y detuvo a 87 personas. ""Nos llama mucho la atención que las entidades a cargo de las fiscalizaciones de los hoteles desconozcan lo expresado por la seremi de Salud de la Región Metropolitana, Paula Labra, quien indicó –mediante punto de prensa el 13 de abril– que los hoteles para adultos sí pueden funcionar con normalidad, al igual que todos los hoteles que cuentan con giro de actividad de hoteles. Por eso contamos con permiso colectivo para nuestros trabajadores, al ser considerados actividad esencial durante la pandemia"", señala la entidad, en una declaración pública.
Agrega que ""para que las personas puedan asistir a nuestros hoteles, solo necesitan su permiso general de desplazamiento, el cual debe estar vigente al ingreso del hotel. Posteriormente, si ya transcurrió el tiempo de vigencia de dos horas, el pasajero debe retirarse con otro permiso, no existiendo ningún permiso de 'hospedaje'. Lo importante es que llegue con un permiso de desplazamiento vigente y se retire con otro permiso vigente"". Frente a lo ocurrido en La Florida, emplazan a las autoridades sanitarias y policiales ""a no desconocer las declaraciones oficiales vinculadas al funcionamiento de los hoteles para adultos"". Y llaman al Ministerio de Salud y a la Subsecretaría de la Prevención del Delito a ""instruir tanto a las seremías, municipios y Carabineros de Chile la normativa correcta de fiscalización, con el fin de evitar la discriminación, arbitrariedad y daños al prestigio de nuestro rubro"". Finalmente, apuntan que ""no somos 'moteles'; éste es un término utilizado coloquialmente, pues su correcto significado es de ‘habitación independiente con cocina’ –una cabaña–, siendo nosotros hoteles, según el decreto 194/78 artículo, el cual establece que el tiempo de estadía es un acuerdo comercial entre el establecimiento y el cliente o pasajero"".
Desde Carabineros, el teniente Daniel Medina, de Comisaría Virtual, explicó que en cuarentena, ""los hoteles y moteles sí están autorizados para poder funcionar, ya que ambos mantienen el mismo giro o actividad económica que está autorizada"". Detalló que ""en el caso de los pasajeros, deben tener acceso a sus dos permisos de desplazamiento general"". Agregó que ""Comisaría Virtual no autoriza a obtener dos permisos de desplazamiento el mismo día; por ende, una persona debería ingresar al motel con un permiso de desplazamiento general y, al día siguiente, salir con su otro permiso de desplazamiento general"". De lo contrario, ""arriesga la detención y que se le instruya un sumario sanitario"". En el caso de la fiscalización en La Florida, Carabineros señaló que ""la mayoría"" de los cliente ""mal utilizaba el permiso entregado por el empleador (permiso único colectivo), por cuanto no se encontraban en su domicilio y no estaban ejerciendo la actividad laboral que en ese permiso se señalaba. De igual forma, muchos de ellos no portaban ningún tipo de permiso"".


";True
https://www.publimetro.cl/cl/noticias/2021/04/24/jefe-bancada-diputados-rn-pinera-llegara-solucion-tercer-retiro.html;Jefe de bancada de diputados de RN asegura que Gobierno de Piñera llegará a una “solución” para el tercer retiro de los fondos de pensiones;Leopoldo Pérez y parlamentarios de Chile Vamos se reunieron en La Moneda con el Presidente para ver las opciones concretas de un proyecto oficialista por el 10%.;"Confiado en que el Gobierno dará una solución al conflicto suscitado con el Parlamento por recurrir ante el Tribunal Constitucional (TC) para frenar la Ley que aprueba el tercer retiro del 10% de los fondos previsionales, se mostró esta tarde el jefe de la bancada de diputados de Renovación Nacional, Leopoldo Pérez, quien aseguró que tras la reunión sostenida entre el Gobierno y los parlamentarios de Chile Vamos, quedó con la sensación que el Presidente Piñera “tiene la voluntad de atender al tema de lo que la ciudadanía está planteando”.

“Confío en que nuestro Gobierno y el Presidente darán una solución a lo que hoy día nos aqueja”, sostuvo Pérez, apenas salió de la reunión organizada este sábado en La Moneda, donde junto a los jefes de bancada de los partidos oficialistas de Chile Vamos, abordaron la situación del tercer retiro de los fondos previsionales, así como la búsqueda de soluciones para apoyar a las familias afectadas por la crisis económica derivada de la pandemia.

“Creemos firmemente que existe la voluntad (del Gobierno y el Presidente Piñera) para dar una solución al tema de lo que la ciudadanía está planteando, que es tener recursos para enfrentar lo que ya ha durado más de 14 meses en pandemia y como bancada de Renovación Nacional y como diputados, queremos encontrar una solución a la brevedad respecto del retiro del 10% sobre la base de un Estado de Derecho y también que se complementen otras medidas”, sostuvo Pérez, quien ante la consulta de si el Gobierno demoró demasiado en abrirse a la opción de patrocinar un proyecto propio para el tercer retiro, apuntó a que “no es que se haya demorado, sino que éste tiene que hacer las cosas cuando tiene que hacerlas y tiene que cumplir su función para la cual fue mandatado”.

“Aquí no se trata de llegar antes o después, hay que llegar en el momento en que se tienen que tomar las decisiones. A veces no son lo rápido que uno quisiera, pero estamos en un Estado de Derecho y hay que respetar la institucionalidad”, defendió el parlamentario, quien agregó que “Renovación Nacional y sus diputados seremos parte de las soluciones y no de los problemas”.

Soluciones que, recordó, deben llegar en tiempo oportuno considerando que “cada vez que en Chile se ha roto o se ha pasado a llevar la institucionalidad, la Constitución y las leyes, todos sabemos lo que ha pasado. Por lo tanto, tenemos que ser responsables al minuto de tomar soluciones. Yo confío en que nuestro Gobierno y el Presidente dará una solución a lo que hoy día nos aqueja”.";True
https://www.elmostrador.cl/destacado/2021/04/25/el-tira-y-afloja-por-salir-de-la-crisis-politica-a-traves-del-tercer-retiro-provoste-aseguro-que-no-hay-proceso-de-negociacion-y-pinera-cito-a-su-comite-politico-a-reunion-extraordinaria/;El tira y afloja por salir de la crisis política a través del tercer retiro: Provoste aseguró que no hay proceso de negociación y Piñera citó a su comité político a reunión extraordinaria;Se espera que entre hoy y mañana el Gobierno anuncie el envío de un proyecto propio para avanzar en el tercer retiro desde las AFP. Desde la oposición, en tanto, le pusieron precio a un eventual acuerdo. Retirar recurso del TC y patrocinar el proyecto ya aprobado en el Congreso.;"Ad portas de una semana que puede marcar un antes y un después para el gobierno de Sebastián Piñera, las negociaciones para alcanzar un principio de acuerdo con la oposición parecen estar lejos de una eventual rúbrica.

Mientras el Gobierno estaría trabajando en la ampliación de las ayudas sociales y en un proyecto propio para propiciar el tercer retiro, la oposición le puso precio al acercamiento. Retirar el requisito del Tribunal Constitucional y promulgar el proyecto de retiro de fondos previsionales ya aprobado en el Congreso con un apoyo sustancioso proveniente incluso desde el propio Chile Vamos.

En medio de este tira y afloja, este domingo el Presidente Piñera convocó a su comité político a La Moneda para seguir buscando una salida a lo que se ha calificado como la crisis política más profunda de los últimos tiempos, considerando que el Ejecutivo no contó siquiera con un tercio de apoyo en su idea por frenar el tercer retiro.

En este contexto, y lo que se ha tomado como parte del manual de una negociación, la Presidenta del Senado, Yasna Provoste señalo al programa Mesa Central de Canal 13 que no existirían tales negociaciones.

""Acá no hay un proceso de negociación"", afirmó la senadora, explicando que además del tema tributario ""parece que el tercer retiro aprobado por el Congreso tampoco forma parte de ninguna negociación"".

""Siempre hemos dicho que esta lógica de que las personas y las familias enfrenten la crisis con sus ahorros y recursos no era mejor alternativa. Votamos en contra el año pasado y seguimos insistiendo. El tercer retiro ha sido una medida desesperada frente a las ayudas del gobierno"".

Provoste comentó que frente al tercer retiro, ""proyecto que el Congreso aprobó incluso con más votos que el primero, el Congreso ya hizo su trabajo y lo que esperamos ahora es que el Gobierno lo promulgue"".

""No nos hemos sentido cómodos con que esta crisis la paguen los trabajadores Pero ha sido una situación muy extrema. Uno se pregunta qué hubiese pasado sin el primero o segundo retiro y nos hubiéramos sostenido con las propuestas del Gobierno que han sido insuficientes. (...) La crisis nos tendría quizás en qué momento"", agregó.

La presidenta del Senado fue enfática en señalar que los retiros desde las AFP ""han sostenido al Gobierno y lo más lamentable es que siguen pensando que lo hace bien"".

Legalmente el Gobierno tiene hasta el martes próximo para retirar el requisito del TC, una opción que han señlado no estaría considerada, como tampoco lo estuvo propiciar un protecto paralelo para el tercer retiro.

Provoste insistió finalmente en que se promulgue el proyecto. ""Nadie se humilla cuando hace algo por el bien de nuestro país. Va ser un gesto que todos vamos a valorar. Porque es una contribución muy significativa a la paz social tan extraviada en nuestro país"", concluyó.";True
https://www.biobiochile.cl/noticias/nacional/chile/2021/04/25/jadue-tras-proclamacion-del-pc-me-pongo-a-disposicion-para-que-construyamos-el-chile-que-sonamos.shtml;"Jadue tras proclamación del PC: ""Me pongo a disposición para que construyamos el Chile que soñamos""";;"“Recibo con orgullo y templanza esta nominación. Me abocaré a los desafíos en Recoleta y todo lo que siga para adelante. Me pongo a disposición de la ciudadanía para que juntos construyamos el Chile que soñamos; y seamos por fin protagonistas de nuestra propia historia”.

Con esas palabras de refirió a través de Twitter el alcalde de Recoleta, Daniel Jadue, luego de ser proclamado oficialmente como el candidato presidencial del Partido Comunista. En ese contexto, por su parte, el timonel del Partido Comunista (PC), Guillermo Teillier, llamó a la realización de primarias de toda la oposición.

En conferencia de prensa, tras las resoluciones del V Pleno del Comité Central del PC, Teillier sostuvo que “la resolución principal fue la nominación como candidato presidencial de Jadue, y fue tomada por unanimidad del Comité Central. Es un orgullo llevar un candidato que cuenta con gran apoyo”.

A continuación, remarcó que “la proclamación contará con la participación representativa del pueblo. El comando que conformemos tendrá que ser transversal, porque la candidatura de Jadue excede al partido”.

En ese sentido, dijo que “hacemos un llamado a primarias, principalmente a los partidos y movimientos de Chile Digno. Queremos y abogamos por una primaria de toda la oposición, pero no sabemos si se darán las condiciones”, sostuvo Teillier.

“La candidatura de Jadue no es un saludo a la bandera. Vamos por un triunfo en las elecciones presidenciales para propiciar la derrota de la derecha y construir un camino de dignidad para Chile”, afirmó el timonel del PC.

Asimismo expresó que “queremos un gobierno de unidad nacional donde se respete el programa de gobierno; un programa que de nuestra parte apostará por transitar hacia la superación del neoliberalismo”.

Por su parte, el secretario general del PC, Lautaro Carmona, enfatizó que “desde el PC hemos dicho que quisiéramos una primaria lo más amplia posible, para que sea el pueblo quien decida. No excluiremos a nadie”.";True
https://www.cnnchile.com/pais/union-portuaria-paralizacion-lunes-26-abril_20210425/;Unión Portuaria anuncia paralización total a partir de este lunes;"Desde la organización están en contra de la decisión del Gobierno de llevar el tercer retiro de fondos al Tribunal Constitucional y exigen un 10% ""sin letra chica, universal, sin devolución ni pago de impuestos"". Además, piden mejores condiciones laborales para los trabajadores del sistema de salud.";"La Unión Portuaria de Chile anunció una paralización total de 25 terminales a partir de este lunes 26 de abril, en respuesta y protesta contra el requerimiento del Ejecutivo ante el Tribunal Constitucional (TC) por el tercer retiro del 10% de los fondos de pensiones.

Desde la organización indicaron se movilizarán para exigir un tercer retiro “sin letra chica, universal, sin devolución ni pago de impuestos”.

“Nos oponemos a la manipulación que se está intentando hacer entre cuatro paredes en este tema tan sensible para los chilenos y las chilenas, por la clase política”, acusan. Del mismo modo, exigen que “se solucione de inmediato la precaria condición en la que trabaja el personal de salud que atiene la emergencia sanitaria”.

Según sostienen, se necesita reconocer el trabajo del personal sanitario en “sus sueldos, como también en la mejora de sus condiciones de trabajo en hospitales y centros de atención de salud, los cuales están la debe en recursos para testar, trazar y garantizar el aislamiento además de los recursos para mantener al sistema funcionando en términos del personal, dotaciones e insumos adecuados”.

Asimismo, hicieron un llamado “a los demás gremios, movimientos y agrupaciones a sumarse a esta paralización”. El pasado miércoles, la organización protagonizó una paralización en reclamo a la decisión del Gobierno de acudir al TC.

Juan Pablo Pizarro, vocero de la Unión Portuaria de Chile, explicó en CNN Chile que “decidimos paralizar frente a la indolencia y la poca empatía que tiene nuestro mal llamado presidente Piñera. Lamentablemente, las ayudas que han direccionado hacia el pueblo han sido insuficientes”.

Además, precisó que “el tercer retiro tampoco es el fondo de la lucha. Nosotros queremos terminar con el sistema de AFP”. “Como trabajadores portuarios tenemos familias, tenemos amigos que están pasando por situaciones muy críticas. Hoy en día, la población de Chile necesita ayuda real, una ayuda universal como la tienen otros países también. Nosotros estamos siempre dispuestos a movilizarnos por algo que genere una problemática social general”, agregó.

Finalmente, indicó que “Piñera no está en sus cabales para gobernar y la única forma para que despierte o tome conciencia es pegándole donde más le duele, que es en el lado económico”.";True
https://www.t13.cl/noticia/nacional/tercer-retiro-10-afp-gobierno-detalles-diferencias-26-04-2021;Con reintegración y bono de $200 mil: Así es el proyecto de tercer retiro del 10% del Gobierno;La iniciativa será enviada este lunes al Congreso, para que inicie su discusión con suma urgencia.;"Este domingo, el Presidente Sebastián Piñera anunció un proyecto de tercer retiro del 10% de fondos de pensiones, esto en respuesta a la propuesta aprobada la semana pasada en el Congreso.

Esta iniciativa será enviada el lunes al Congreso, para que se inicie su discusión con suma urgencia.

Este proyecto, a diferencia del aprobado por los parlamentarios, considera una posterior recuperación de fondos, además de un bono para quienes no cuenten con saldo en sus ahorros previsionales. El proyecto anunciado por el Ejecutivo considera:
Retiro máximo de 150 UF (cerca de 4 millones 400 mil pesos) y retiro mínimo de 35 UF (un millón de pesos).
Entrega de un bono de $200 mil pesos para quienes no tengan ahorros previsionales
Solo pagarán impuestos los cotizantes que pertenezcan al 10% con más altos ingresos.
Para restablecer fondos, se incrementará en 1% la cotización mensual con cargo al empleador.
El Estado otorgará otro 1% para incentivar la reintegración de fondos, con tope de 0,3 UF (alrededor de 8 mil 800 pesos). Este 1% también se aportará a quienes no realicen retiros.
Para pensionados con renta vitalicia, se otorgará un adelanto de hasta 10% de su reserva técnica, con tope de 100 UF (2,9 millones de pesos aprox.)  Este se le descontará, con un tope de 10% de su Renta Vitalicia, hasta enterar el monto total del anticipo. ";True
https://www.chvnoticias.cl/sucesos/fuerza-desmedida-polemica-detencion-franja-deportiva_20210425/;Acusan uso de fuerza desmedida: Polémica detención de hombre que trotaba en franja deportiva;El hecho se registró durante la mañana de este domingo, diez minutos después de que finalizara el horario de la banda Elige Vivir Sano que permite realizar actividad física al aire libre en cuarentena o Fase 2. El suceso, que fue capturado por testigos, ha sido ampliamente viralizado en redes sociales.;"La mañana de este domingo se llevó a cabo una cuestionada detención por parte de personal de Policía Marítima contra un transeúnte que haciendo uso de la franja deportiva, se encontraba trotando en la intersección de 7 Norte con San Martín en Viña del Mar.

De acuerdo con los antecedentes del caso, el hombre habría traspasado el límite de tiempo designado para esta actividad al aire libre, ya que tras la extensión anunciada por el Minsal, esta banda horaria culmina a las 10:00 horas los fines de semana y festivos. Y el sujeto fue detenido a eso de las 10:10 de la mañana, es decir, diez minutos después de lo permitido.

Los uniformados, al observar esta infracción, le habrían pedido al individuo que se detuviera, pero, al parecer, él estaba usando audífonos, por lo que no habría escuchado esta advertencia. Debido a lo anterior, tres policías lo persiguieron hasta lograr su detención.

Sin embargo, las críticas al operativo apuntan a la fuerza desmedida utilizada contra el hombre y que quedó captado en un registro ampliamente viralizado.

En él se observa que el detenido sufrió varias caídas, siendo incluso reducido en el piso y contra una reja, pese a que él no mostró ningún indicio de violencia.

Según testigos, el sujeto se encontraba en estado de shock al momento de la detención. Finalmente, fue aprehendido y trasladado hasta la comisaría de Viña del Mar, donde estaría constatando lesiones asociadas al suceso.

Hasta el momento la Armada no se ha pronunciado por lo ocurrido, pero sí lo han hecho los diputados Marcelo Díaz y Jorge Brito, quienes apuntaron a la violencia evidente en el video. “Puede haber aquí una infracción a una norma sanitaria, pero no está cometiendo un delito, no amerita ese uso de la fuerza”, dijo Díaz, añadiendo que “voy a pedir que a la Comisión de Seguridad Ciudadana sean convocados el ministro del Interior y también el presidente de la Corte Suprema, porque creo que en este y otros casos se están vulnerando derechos civiles que están consagrados en la Constitución y las leyes a partir de normas sanitarias de inferior grado”.

Por otro lado, Brito anunció el envío de un oficio para conocer todos los antecedentes del actuar de funcionarios de la Armada en esta detención.

Hay que recordar que este hecho corresponde al segundo de este tipo registrado en la última semana. El anterior correspondió a un joven detenido en calle Blanco de Valparaíso, quien fue apuntado con un fusil por parte de personal de la Armada y se le puso la rodilla en la espalda para reducirlo. La Armada respondió a las acusaciones a través de un comunicado, en el que explican los motivos de la detención del hombre en Viña del Mar. 

En el texto se detalla que “a las 10:30 de la mañana del domingo 25 de abril y una vez finalizado el horario de la Franja Deportiva del Plan Paso a Paso, personal naval fiscalizó en la vía pública a un hombre que evadió 2 controles por parte de la Patrulla de Policía Marítima en el sector de Avenida Perú, en Viña del Mar”.

“Luego de hacer caso omiso a las indicaciones de la autoridad, se procedió a detener a la persona para fiscalizar si contaba con algún permiso que le permitiera transitar, pero nuevamente ésta no prestó cooperación, debiéndose efectuar la detención respectiva”, agregaron.";True
https://dfmas.df.cl/df-mas/tecno/los-escepticos-creadores-de-la-criptomoneda-mas-popular-del-momento;Los escépticos creadores de la criptomoneda más popular del momento;Dogecoin vale tres veces más que Falabella. La euforia en torno a la criptomoneda ha creado millonarios de la noche a la mañana. Pero Billy Markus y Jackson Palmer, sus creadores, creen que algo anda muy mal.;"Un perro shiba inu mira directo a la cámara con una mezcla de reprobación, escepticismo y algo de ternura. Precisamente escepticismo es lo que genera el alza que ha experimentado dogecoin, la criptomoneda que lo usa como su logo. En lo que va del año, la criptomoneda ha subido 5.563%, ante lo cual el avance de 80% de bitcoin parece insignificante.

Esta criptomoneda, creada en 2013 como una ""broma"", alcanzó esta semana una capitalización de mercado por unos US$ 36.000 millones, pisándole los talones a Spotify, y -en un ejemplo local- casi tres veces mayor que la de Falabella.
La moneda se alimenta de una comunidad de unos 1,5 millones de “shibas” que se organizan en un foro de Reddit, y de una gran cantidad de memes diarios.

Elon Musk, en su cuenta de Twitter, ha sido uno de sus grandes impulsores, calificándola como ""la cripto del pueblo"".

""No soy un cómplice de las criptomonedas. Hay cosas geniales que suceden en este espacio, pero las valoraciones no están relacionadas con eso. Solo son personas que especulan. Siempre lo han sido"".

Este no es el diagnóstico de un escéptico de “las criptos”, sino de Billy Markus, uno de los creadores de dogecoin.
Markus, un ingeniero de software de 38 años, en Portland, contactó a Jackson Palmer en 2013, después de ver su tuit: “Invertir en dogecoin es lo que se viene”.

Palmer, un director de producto en Adobe Systems en San Francisco, creó la imagen de dogecoin y la registró como una broma. Era su respuesta a una naciente industria en la que cada semana aparecían nuevas criptomonedas que prometían innovar en tecnología, pero era simplemente una copia de bitcoin. Markus, quien había creado antes otra criptomoneda, acordó con Palmer crear la cripto “más ridícula posible”.

En una de sus últimas entrevistas, Palmer explicó que todo fue diseñado para que dogecoin tuviera un escaso valor y “muriera pronto”. Pero no pasó así.

Puede que sea la simpatía del shiba inu y los memes que lo acompañan, o la fuerte comunidad (de programadores y desarrolladores) que se creó alrededor, pero dogecoin no murió. Es más, ha sido adoptada como “la criptomoneda del pueblo”, dado que se puede adquirir apenas por centavos de dólar, en comparación con los más de US$ 50.000 que se requieren para comprar un bitcoin.

Palmer y Markus abandonaron el proyecto en 2015, después de lo que ambos han descrito, por separado, como un cambio radical en la comunidad cripto. En una columna para Vice, publicada en 2018, Palmer describe cómo el foco pasó de la innovación tecnológica a buscar ganancias rápidas.

Ambos creadores de dogecoin aseguran que vendieron o donaron todas las doge que tenían y entregaron el control a un grupo de desarrolladores de la comunidad. Palmer siguió en Adobe y se convirtió en una especie de “evangelista”, alertando sobre la irracionalidad que domina este mercado.

""En muchos sentidos, 2017 marcó el año en que las criptomonedas dejaron de ser un vehículo de intercambio entre pares tecnológicamente innovador y se convirtió en un nuevo mercado de valores no regulado. 2017 también fue el año en que las mismas instituciones que Bitcoin pretendía desmantelar en un principio han comenzado a cooptarla para obtener beneficios"", escribió Palmer en la mencionada columna.

Una de las últimas entrevistas de Palmer fue para Bloomberg y un par de chats de criptomonedas hace dos años. Palmer cerró su canal de YouTube, mantiene una cuenta de Twitter privada solo con el fin de evitar que alguien pueda usar su identidad, y en su website afirma: “No he estado involucrado con el proyecto Dogecoin o el espacio de la criptomoneda en muchos años. No tengo ninguna idea que compartir sobre estos temas"".

Markus reactivó por tiempo completo sus cuentas de Twitter y Reddit desde el 31 de enero pasado. Lo hizo para denunciar el acoso que sufría de personas demandando que cree nuevas criptomonedas o haga mejoras a dogecoin. Desde entonces, sus posteos son un recordatorio del valor de la comunidad de dogecoin, celebración de innovaciones con blockchain, difusión de memes, pero la mayor parte la dedica a cuestionar las valoraciones detrás de dogecoin.

""La gente habla de que Dogecoin llegue a 1 dólar, lo que haría que su capitalización de mercado fuera mayor que la de empresas reales que prestan servicios a millones de personas, como Boeing, Starbucks, American Express, IBM. ¿Se merece eso Dogecoin? Eso no es algo que pueda comprender, y mucho menos responder”, escribió Markus en Reddit.

Cuando le piden su consejo sobre si vender o mantener posiciones en doge, Markus evita dar consejos e invita a sus interlocutores a educarse y tomar sus decisiones con argumentos, y no porque un grupo de extraños en un foro dice que es “cool” tener doges y tienen miedo a “quedarse fuera”.";True
https://www.lacuarta.com/cronica/noticia/ministro-figueroa-clases-condiciones/626876/;Ministro Figueroa insiste en regreso a clases: “Están todas las condiciones”;Además dijo que la confianza de los apoderados “va aumentando”.;"El ministro de Educación, Raúl Figueroa, sigue fiel a su estilo y cree que pese a las condiciones de la pandemia, las clases presenciales deben retomarse.

En una entrevista con La Estrella de Arica, el titular de la cartera declaró que “se han entregado kits sanitarios y recursos para mejorar las medidas de resguardo”.

“Están todas las condiciones para que puedan dar ese paso (de volver a clases en el aula), que insisto, es fundamental para los alumnos”. Los dichos de Figueroa contrastan con las declaraciones del Colegio Médico de Chile que llamó al gobierno a evaluar la presencialidad de las clases solo desde la “Fase 3” del Plan Paso a Paso.

Además, aseguró que los padres han ido aceptando la idea “gracias al trabajo que han hecho los establecimientos”

“Es interesante ver cómo, a medida que los colegios van abriendo, los apoderados van aumentando su confianza”.

“La presencialidad segura es fundamental para entregar una educación más completa”, cerró el ministro.";True
https://www.alairelibre.cl/noticias/deportes/futbol/alexis-sanchez/prensa-italiana-destaco-que-alexis-le-dio-vitalidad-a-inter-en-triunfo/2021-04-25/124459.html;"Prensa italiana destacó que Alexis ""le dio vitalidad"" a Inter en triunfo sobre Verona";El chileno tuvo trascendencia en una nueva victoria de los lombardos en Serie A.;"Con alrededor de 20 minutos que tuvo frente a Hellas Verona, la prensa italiana ponderó sobre el rendimiento de Alexis Sánchez junto a Inter de Milán, indicando que el tocopillano le dio ""vitalidad"" a los lombardos para quedarse con el triunfo. 

El medio partidista Fcinternews, calificó con un 6.5, detallando que ""Conte lo lanza a la refriega para darle más vitalidad a un ataque que no podía romper. Tiene éxito en la jugada del 1-0 de Darmian"". 

Otro sitio que evaluó fue Eurosport, dándole también una nota de 6.5 al tocopillano, y señalando que ""tuvo un impacto importante, culminando con ser clave en el gol del triunfo"". 

Calciomercato en tanto, entregó un 6 a Alexis, y valoró que ""En el poco tiempo que estuvo en cancha, trató de ser útil con una buena presión"". ";True
https://www.eldinamo.cl/politica/2021/04/25/matthei-por-tercer-retiro-hay-que-tener-claro-por-que-el-presidente-no-lo-esta-haciendo/;Matthei por tercer retiro: “Hay que tener claro por qué el presidente no lo está haciendo”;La alcaldesa de Providencia señaló que ha conversado con el mandatario, planteando la urgencia de establecer un diálogo para resolver el tema.;"La alcaldesa de Providencia Evelyn Matthei (UDI) abordó las complicaciones que ha enfrentado el Gobierno tras anunciar el envío del proyecto de tercer retiro de los fondos previsionales al Tribunal Constitucional (UDI).

En una entrevista a El Mercurio, la presidenciable gremialista afirmó que “al presidente no le costaría nada ser súper popular, bastaría con que él diga ‘por qué retirar solo un 10%, retiren todo’. Con esto, su popularidad subiría enormemente y él no pagaría el costo”.

“Hay que tener claro por qué no lo está haciendo, y yo creo que no lo hace porque cuando asumió el cargo dijo que iba a cuidar a nuestro país. Él entiende claramente que retirar las platas de los fondos de pensiones no es la mejor opción. Sí, hoy hay mucha gente que lo necesita, otros que lo han usado para pagar deudas y otras personas que lo han ahorrado, porque hay que tener claro que el 53% de esos dineros hoy están en bancos, la gente no los ha gastado”, expresó. Matthei señaló que durante los últimos días ha conversado con el mandatario, planteando su inquietud por la tensión generada tras el debate por el tercer retiro.

“Lo que varios transmitimos era esa preocupación por poner en manos del TC una decisión que era extremadamente difícil, y que al final, fallara lo que fallara, ponía a esas personas en una situación imposible. Le comentamos que era urgente llegar a acuerdos de mediano y largo plazo”, manifestó.";True
https://www.diarioconcepcion.cl/pais/2021/04/24/gobierno-evalua-alternativa-a-tercer-retiro-del-10-tras-aprobacion-en-el-congreso.html;Gobierno evalúa alternativa a tercer retiro del 10% tras aprobación en el Congreso;;"Este viernes, el Congreso aprobó y despachó el Tercer Retiro del 10% de las AFP. Con ello, el Gobierno inició el análisis de diversas alternativas, debido a que busca frenar el proyecto con un requerimiento en el Tribunal Constitucional.

En la jornada, se efectuó una reunión entre el Presidente Sebastián Piñera y los ministros Jaime Bellolio, Juan José Ossa y Rodrigo Cerda. Donde se abrió la posibilidad de que el Ejecutivo proponga una iniciativa propia de tercer retiro, la que sería similar al segundo proyecto.

Tras finalizar la cita, el Ministro Vocero de Gobierno, Jaime Bellolio, puntualizó que “estamos trabajando en un acuerdo que permita resolver el tema del retiro del 10%, que permita poder allegar más recursos para, ya sea para ampliar las medidas que tenemos, o extender la temporalidad de la misma. Estamos abiertos a distintas fórmulas que permitan llegar a estos acuerdos con Chile Vamos y la oposición”.

Cabe recordar, que el presidente de RN, Raphael Prohens, señaló un día antes que le habrían propuesto al Gobierno una iniciativa similar, lo que habría sido rechazada.

Por otra parte, la presidenta del Senado, Yasna Provoste, manifestó que irán a defender el proyecto ante el Tribunal Constitucional.";True
http://www.diarioeldia.cl/policial/seis-sujetos-entran-domicilio-teniente-carabineros-en-serena-roban-pertenencias;Seis sujetos entran a domicilio de teniente de Carabineros en La Serena y roban pertenencias;La cónyuge, quien se encuentra fuera de riego vital, recibió un disparo en el abdomen.;A eso de las 05:00 de la madrugada de este sábado, personal de Carabineros de la Primera Comisaria de La Serena se constituyó hasta la Calle Olivillo en la Villa Los Hibiscus. En el lugar y de acuerdo a lo informado por las víctimas, un grupos de seis sujetos a rostro cubierto irrumpieron en el domicilio del Teniente (S) Marcelo Carvajal. El Teniente junto a su cónyuge, se levantaron para verificar lo que estaba sucediendo dentro del inmueble, cuando sintieron un estruendo correspondiente a un disparo, el cual impactó en el abdomen de la mujer, quien se encontraba en la puerta del dormitorio. Tras lo sucedido, los seis individuos aprovecharon para sustraer diferentes especies de valor y posteriormente darse a la fuga en dirección desconocida. La víctima fue traslada hasta el Hospital de La Serena para ser atendida, encontrándose fuera de riesgo vital.  ;True
https://www.biobiochile.cl/noticias/nacional/chile/2021/04/26/pinera-presenta-proyecto-de-tercer-retiro-tras-una-de-las-peores-semanas-para-el-gobierno.shtml;Oposición se abre a proyecto de tercer retiro de Piñera pero acusan lentitud del Gobierno;;"Como una de las “peores semanas para el Gobierno”. Así calificaron algunos personeros del mundo político, los días en los que se tramitó el tercer retiro de los fondos previsionales.

La semana pasada parecía que el Ejecutivo simplemente había perdido la batalla. No se observaron conversaciones con Chile Vamos, y senadores del bloque lamentaron la “falta de intento”.

Se acusó problemas de liderazgo, e incluso llamaron al mandatario a “actuar” para amortiguar los coletazos políticos que generó la recurrencia al TC, acción que busca frenar el avance del tercer retiro original.

“Un Gobierno solo” percibían algunos. El viernes se realizó una reunión de emergencia, que fue convocada por Piñera. Allí se buscó la estrategia para encontrar una salida, e importantes personeros oficialistas advirtieron que ninguna transferencia directa podría hacerle el peso al denominado “factor 10%”.

Finalmente, el Presidente sucumbió, y optó por la propuesta de RN: liderar el proceso, e ingresar un proyecto propio. El mandatario apuntó al mundo político en su discurso, principalmente a la oposición. La semana pasada Chile Vamos se mostró dividida, y varios parlamentarios del bloque cuestionaron al presidente Sebastián Piñera, por “afectar a la coalición con sus decisiones”. Todo esto, de cara a las elecciones de mayo.

Este fin de semana se realizaron intensas conversaciones y principalmente, los presidenciables manifestaron unidad. Se percibió un oficialismo alineado, y tanto Mario Desbordes, Sebastián Sichel y Joaquín Lavín, respaldaron al Ejecutivo. Por su parte, Ignacio Briones, exministro de Hacienda y presidenciable de Evópoli, no estuvo presente en el anuncio y desde su partido emitieron una declaración, señalando que el camino es implementar un Ingreso Solidario de Emergencia, financiado con fondos públicos.

En la oposición salieron a criticar la lentitud del Gobierno. La diputada Natalia Castillo indicó que era mucho más fácil que el Ejecutivo patrocinara el tercer retiro cuando estaba siendo tramitado, mientras que la diputada del PC Karol Cariola, cuestionó el mecanismo para reponer los fondos.

La diputada y jefa de la bancada regionalista Alejandra Sepúlveda -autora de uno de los proyectos de reforma constitucional- no se cerró a estudiar la propuesta del Gobierno, pero también manifestó sus reparos. Las conversaciones no solo fueron con el oficialismo, sino que también con altos personeros de la oposición. Estamos hablando de la mesa del Senado, encabezada por la DC Yasna Provoste.

Esta, sostuvo ayer en su cuenta de Twitter, que no hay negociación en curso con el Gobierno. Insistió en la moción parlamentaria original, y señaló que “una vez que se retire requerimiento ante el TC, podremos iniciar un diálogo sobre reforma tributaria para la recuperación de Chile y sus familias”.

Pero se descarta desde Palacio que el requerimiento se retire del TC. Esto, ya que sería parte de la estrategia para negociar en torno a una modernización tributaria y una reforma de pensiones.

El ex presidente de la Cámara Iván Flores, diputado DC, sostuvo ayer en la mañana que no hay espacio de “cocinas” políticas, apuntando a posibles acuerdos con la oposición.

El vicepresidente del Senado Jorge Pizarro – también de la DC – se abrió a discutir el proyecto de Gobierno. El proyecto se ingresaría hoy y según fuentes de Radio Bío Bío y podría entrar por la Cámara. La iniciativa contempla que 3 millones de personas que retiraron el total de sus ahorros, recibirán un bono de $200 mil.

Sería libre de impuesto para las personas con rentas mensuales inferiores a 1 millón 800 mil pesos.

Además, se busca una especie de recuperación de los fondos retirados bajo el siguiente mecanismo: los empleadores aportarán 1% adicional al ahorro d trabajador. El Estado en tanto, aportará un 1% adicional.";True
https://www.cnnchile.com/economia/presidente-falabella-personas-tienen-mas-pagar-impuestos_20210425/;Presidente de Falabella: “Las personas que más tenemos debiéramos pagar más impuestos”;"El empresario del retail aseguró que ""ha llegado el momento de sentarnos todos a la mesa y buscar cuál es la manera de financiar gastos de largo plazo"". Sin embargo, se mostró en contra de un impuesto permanente a los ""súper ricos"".";"El presidente de Falabella, Carlos Solari, se mostró a favor de que exista un acuerdo tributario para superar la crisis económica provocada por la pandemia, aunque aclaró no está de acuerdo con el proyecto de ley que busca crear un impuesto a los “súper ricos”.

En entrevista con El Mercurio, el empresario dijo que “somos un país que decreció el 2020 y nos dimos cuenta de que había mucha más vulnerabilidades y necesitamos más recuros para salir adelante. Ha llegado el momento de sentarnos todos a la mesa y buscar cuál es la manera de financiar gastos de largo plazo. Esto de estar yendo por una ley y después ir viendo secuencialmente otra no es el mecanismo”. “Las personas que más tenemos debiéramos pagar más impuestos, y todos aquellos que tienen excenciones y beneficios tributarios habría que ver cómo pueden aportar; y también aumentar la base de personas que pagan impuestos, ya sea por global o por impuesto a la renta, aunque sea un mínimo y en forma gradual. Hablamos mucho de subir los impuestos y yo no veo la reforma del Estado”, indicó.

En relación al impuesto a las empresas, Solari dijo que “ha habido 5 reformas tributarias en los últimos 10 años, han subido desde 17% a 27%. Creo que es una mala decisión volver a subirle los impuestos a las empresas, no es el momento porque deben preocuparse de reactivarse y de generar empleo. Prefiero que los impuestos los paguen las personas que tenemos más”. De todas formas, el empresario aclaró que “no me gustan los impuestos a los súper ricos porque creo que en vez de simplificar la mirada la vuelve a complejizar. Preferiría un sistema donde los que tengamos más, paguemos una tasa más alta de global complementario y no que paguemos un impuesto al patrimonio, que puede generar una externalidad negativa y terminar afectando a las inversiones en el largo plazo”.

“Es muy importante que gastos temporales puedan ser financiados con impuestos temporales, pero los gastos permanentes que estamos viendo que se necesitan, en salud, educación y pensiones, se debieran financiar con impuestos permanentes”, apuntó.";True
https://redgol.cl/udechile/Universidad-de-Chile-todavia-puede-evitar-la-marca-de-veinte-anos-sin-ganar-en-el-estadio-Monumental-20210427-0007.html;Universidad de Chile todavía puede evitar la marca de veinte años sin ganar en el estadio Monumental;Universidad de Chile cumplirá veinte años sin ganarle a Colo Colo en el estadio Monumental el próximo 9 de septiembre, pero la Copa Chile le puede dar la alternativa de evitar el simbólico antirrécord.;"Universidad de Chile está muy cerca de cumplir veinte años sin poder ganarle a Colo Colo en el estadio Monumental. La última victoria a domicilio sobre el archirrival es del 9 de septiembre de 2001, pero después los azules nunca volvieron a abrazarse en Macul.

Y aunque los hinchas del Cacique hablen de dos décadas de superioridad después del triunfo en el último Superclásico, lo cierto es que a los universitarios todavía les queda una opción de evitar la terrible marca de los veinte años.

Esto porque, aunque el Campeonato Nacional ya disputó su clásico en el Monumental, la querida Copa Chile tendrá dos ediciones este año, dos ocasiones para albergar el Superclásico en Macul. Se jugará antes de fines de julio y la programación está por verse.

La ANFP debe entregar las bases de la Copa Chile 2020 y de la edición 2021, escenario en el que puede reaparecer en la agenda el partido entre albos y azules en Macul, para darle otra oportunidad a la U de quebrar su racha sin triunfos en Pedrero. Desde Quilín le aclaran a RedGol que la programaciones oficiales de las copas deben oficializarse en las próximas semanas, para que los clubes puedan establecer una planificación especial durante mayo, junio y julio, cuando el torneo esté detenido

La U, entonces, todavía puede enfrentarse a Colo Colo antes de que se cumpla el fatídico plazo del 9 de septiembre, ocasión en la que deberá alistar sus armas para evitar que la racha se estire más allá de las dos décadas. Aunque Gardel diga que ""veinte años son nada"".";True
https://www.t13.cl/noticia/nacional/fase-2-transicion-comunas-region-metropolitana-salir-cuarentena-26-04-2021;Fase 2 (Transición): Las diez primeras comunas de la Región Metropolitana en salir de cuarentena;Los avances, que también contemplan a otras 20 comunas del país, comenzarán a regir desde las 05:00 horas de este jueves 29 de abril.;"El Ministerio de Salud (Minsal) anunció este lunes, durante el balance de contagios por coronavirus en nuestro país, nuevas modificaciones a las cuarentenas del Plan Paso a Paso.

Desde el Minsal indicaron que 30 comunas avanzarán en el plan a partir del jueves 29 de abril a las 5:00 horas. De estas, 10 pertenecen a la Región Metropolitana, las cuales avanzarán espefíciamente a Fase 2 (Transición).

Las comunas en cuestión son: Alhué, Melipilla, Independencia, Las Condes, Talagante, Vitacura, Lo Barnechea, Providencia, La Reina y Ñuñoa. Pero no solo cambios en las cuarentenas se informaron durante esta jornada, ya que desde la cartera de Salud anunciaron nuevas restricciones en la fase de Transición, es decir, la Fase 2.

Los principales cambios tienen relación con el funcionamiento de actividades que se realicen en lugares cerrados. Desde el Minsal explicaron que se priorizará el desarrollo de actividades al aire libre.

Es por esto que los gimnasios no podrán funcionar en la Fase 2 del plan Paso a Paso, como tampoco lo podrán hacer los casinos de juego. Los representantes de ambas actividades habían presionado a principios del 2021 para poder funcionar en fase de Transición, sin embargo, nuevamente no lo podrán hacer.

En tanto, los centros comerciales, que sí podrán funcionar en esta etapa del plan Paso a Paso, deberán reducir su aforo a una persona por cada 10 metros cuadrados.

Por otro lado, las autoridades además anunciaron el cierre de fronteras por otros 30 días, es decir, durante todo mayo.";True
https://www.24horas.cl/internacional/almuna-graba-a-profesor-teniendo-relaciones-sexuales-4754634;Olvidó apagar cámara: alumna graba a profesor teniendo relaciones sexuales;Si bien el video generó cientos de críticas contra el hombre, la escuela cuestionó el morbo de la estudiante por grabar la escena íntima.;"Rubén Darío Parra, un profesor que imparte clases en un colegio de niñas en la ciudad de Palmira, Colombia, ha sido foco de atención luego que olvidara desactivar la cámara de su computador mientras mantenía relaciones sexuales con su pareja, lo que provocó que una alumna decidiera grabar la situación.

De acuerdo a lo señalado por el diario el El Tiempo, la clase virtual ya había finalizado, pero el docente dejó la cámara encendida sin darse cuenta, mientras que a su vez un grupo de estudiantes aún no se había desconectado de la sesión.

En vista de lo anterior, una de ellas decidió grabar el acto sexual con su teléfono celular, compartiendo el registro audiovisual en Facebook y diversos grupos de WhatsApp, lo que tuvo como consecuencia la viralización inmediata en redes sociales. Si bien el video generó cientos de críticas contra el hombre, la escuela cuestionó el morbo de la alumna por grabar la escena íntima, dado que pudo alertar al profesor.

""Estoy con mis sentimientos tristes, devastados; cómo hacen esto por Dios"", declaró la rectora del colegio, quien luego agregó que ""lo que hizo el profesor no tiene nombre, pero es una obra de la pasión del hombre"".

Según un comunicado emitido por la Secretaría de Educación del Municipio Palmira, ""tanto los docentes como los estudiantes, durante la jornada académica, sea desde las aulas de clase o la virtualidad, deben cumplir con sus obligaciones académicas, velar por el respeto y ser ejemplo durante los procesos de aprendizaje"".

En tanto, el protagonista de la situación decidió pedir disculpas públicas, como también criticar el actuar de la estudiante. ""Se tomaron una imágenes por parte de una alumna en el momento en que mi esposa se acercaba a saludarme que se hicieron virales y que nunca he autorizado para su publicación, claro que es un descuido de mi parte al no darme cuenta que estaba la cámara encendida"", sostuvo.";True
https://www.biobiochile.cl/noticias/nacional/region-de-valparaiso/2021/04/27/trabajadores-portuarios-encienden-barricadas-en-medio-del-puerto-de-san-antonio.shtml;Portuarios de San Antonio encienden barricadas por requerimiento al 10% aprobado en el Congreso;;"Movilizados se encuentran los portuarios de San Antonio incluso levantando barricadas en el puerto del sector para evitar el ingreso de personas.

Paralización que ellos llaman como efectiva ya que en el Puerto de San Antonio ninguna nave está siendo atendida por los trabajadores. Lo mismo sucede en el Puerto de Ventanas donde 140 trabajadores siguen paralizados sin atender las naves atracadas en sus diferentes espigones.

Todo esto por la discusión del requerimiento del retiro del 10% presentada al Tribunal Constitucional por el Gobierno. ";True
https://cooperativa.cl/noticias/economia/sistema-previsional/afp/ministro-ossa-y-la-crisis-del-10-no-esta-en-juego-la-gobernabilidad/2021-04-26/085532.html;"Ministro Ossa y la crisis del 10%: ""No está en juego la gobernabilidad""";"En Cooperativa, el titular de la Segpres reconoció que las protestas sociales de la última semana incidieron en la decisión del Ejecutivo de presentar un proyecto propio.

""Por supuesto que las manifestaciones de las personas pesan y son oídas por el Gobierno: pero lo que hacemos nosotros es oír a las personas, no las amenazas de violencia"", afirmó.

Dijo que en La Moneda ""entienden y respetan"" la decisión de Evópoli de restarse del anuncio efectuado anoche por el Presidente Piñera.
";"El ministro secretario general de la Presidencia, Juan José Ossa (RN), afirmó este lunes que en Chile ""no está en juego la gobernabilidad"", tras una semana marcada por la decisión del Gobierno de recurrir al Tribunal Constitucional (TC) para intentar frenar el proyecto opositor que permite a los ciudadanos retirar un tercer 10 por ciento de sus ahorros previsionales, despachado del Congreso, que derivó en protestas sociales y una evidente tensión política.

""Naturalmente no está en juego la gobernabilidad. Hemos llamado a la oposición para efectos de que dejar de legislar de una determinada manera que no nos parece la más apropiada para el país, pero no creemos ni vemos -salvo en el Partido Comunista -ningún ánimo de afectar las reglas más básicas de nuestra democracia, que consisten en que, si alguien gana la elección presidencial, ese mandato termina"", dijo el titular de la SegPres en entrevista con El Diario de Cooperativa. 

Consultado sobre el proyecto alternativo de retiro de ahorros previsionales anunciado anoche por el Presidente Sebastián Piñera, que será ingresado este lunes al Congreso con discusión inmediata, Ossa reconoció que las protestas sociales de la última semana incidieron en la decisión del Ejecutivo de presentarlo. 

""Por supuesto que las manifestaciones de las personas pesan y son oídas por el Gobierno: pero lo que hacemos nosotros es oír a las personas, no las amenazas de violencia"", aseveró. 
Tópicos: Economía | Sistema previsional | AFP
Ministro Ossa y la crisis del 10%: ""No está en juego la gobernabilidad""
Publicado:  Lunes, 26 de Abril de 2021 a las 08:54hrs.  Autor: Cooperativa.cl 
En Cooperativa, el titular de la Segpres reconoció que las protestas sociales de la última semana incidieron en la decisión del Ejecutivo de presentar un proyecto propio.

""Por supuesto que las manifestaciones de las personas pesan y son oídas por el Gobierno: pero lo que hacemos nosotros es oír a las personas, no las amenazas de violencia"", afirmó.

Dijo que en La Moneda ""entienden y respetan"" la decisión de Evópoli de restarse del anuncio efectuado anoche por el Presidente Piñera.

Ministro Ossa y la crisis del 10%: 
Foto: ATON
Ossa defendió la resolución de mantener el requerimiento ante el TC:""El Presidente tiene el deber de hacer cumplir la Constitución (...) No es un tema de leguleyos, es un tema de respetar el Estado de Derecho"".


Llévatelo:
Las + leídas
  Helhue Sukni tras portonazo a sus hijas: 54302Helhue Sukni tras portonazo a sus hijas: ""Di vuelta La Pincoya y no encontré a los weones""
  Autoridad fijó nuevo requisito para el Permiso Único Colectivo 50735Autoridad fijó nuevo requisito para el Permiso Único Colectivo
 Tercer retiro: TC rechazó inhabilitar a su presidenta, María Luisa Brahm  42693Tercer retiro: TC rechazó inhabilitar a su presidenta, María Luisa Brahm
Videos + Vistos
  21509""Me gustaría tomarme 30 segundos"": José Antonio Neme es el protagonista de nueva imitación de Stefan Kramer
  5752""El Sol de Chile"": Luis Jara protagoniza hilarante corto para Netflix
  Patada voladora impidió que conductor atropellara a multitud en Albania 2793Patada voladora impidió que conductor atropellara a multitud en Albania
En portada
 Tercer retiro: Tribunal Constitucional declaró inadmisible recurso del Gobierno  Tercer retiro: Tribunal Constitucional declaró inadmisible recurso del Gobierno
 Piñera aseguró que modernización de Carabineros Piñera aseguró que modernización de Carabineros ""no parte de cero""
 Delgado: Cotización que propone el Gobierno Delgado: Cotización que propone el Gobierno ""no es un gol"" al Congreso
El ministro secretario general de la Presidencia, Juan José Ossa (RN), afirmó este lunes que en Chile ""no está en juego la gobernabilidad"", tras una semana marcada por la decisión del Gobierno de recurrir al Tribunal Constitucional (TC) para intentar frenar el proyecto opositor que permite a los ciudadanos retirar un tercer 10 por ciento de sus ahorros previsionales, despachado del Congreso, que derivó en protestas sociales y una evidente tensión política.

""Naturalmente no está en juego la gobernabilidad. Hemos llamado a la oposición para efectos de que dejar de legislar de una determinada manera que no nos parece la más apropiada para el país, pero no creemos ni vemos -salvo en el Partido Comunista -ningún ánimo de afectar las reglas más básicas de nuestra democracia, que consisten en que, si alguien gana la elección presidencial, ese mandato termina"", dijo el titular de la SegPres en entrevista con El Diario de Cooperativa. 

Consultado sobre el proyecto alternativo de retiro de ahorros previsionales anunciado anoche por el Presidente Sebastián Piñera, que será ingresado este lunes al Congreso con discusión inmediata, Ossa reconoció que las protestas sociales de la última semana incidieron en la decisión del Ejecutivo de presentarlo. 

""Por supuesto que las manifestaciones de las personas pesan y son oídas por el Gobierno: pero lo que hacemos nosotros es oír a las personas, no las amenazas de violencia"", aseveró.


A diferencia de la moción parlamentaria, el mensaje incluye el pago de impuestos ""para aquellos cotizantes pertenecientes al 10 por ciento de más altos ingresos del país"", que tengan una renta imponible superior al 1,8 millones de pesos, según explicó el Presidente Piñera.

El nuevo proyecto incluye además un bono de 200.000 pesos para las tres millones de personas que se quedaron sin pensiones con los dos primeros retiros, además de un sistema de restitución para fortalecer las pensiones con un aumento del 1 por ciento de la cotizaciones por parte del Estado y el empleador.

""Esperamos que esté despachado esta semana"", subrayó Ossa. 

Por otro lado, el ministro aseguró que en La Moneda ""entienden y respetan"" la decisión de Evópoli de restarse del anuncio efectuado anoche por Piñera. Ossa defendió la resolución de mantener el requerimiento ante el TC: ""El Presidente tiene el deber de hacer cumplir la Constitución (...) No es un tema de leguleyos, es un tema de respetar el Estado de Derecho"".

Al respecto, desestimó las advertencias de voces de la oposición respecto a un posible ""nuevo estallido social"" en rechazo al recurso ante el tribunal. 

""Cuando se habla de un nuevo estallido, sobre todo de parte de sectores políticos, vemos una intencionalidad de que las cosas no resulten y no vayan por el cauce democrático que corresponde"", dijo. ";True
https://www.elmostrador.cl/dia/2021/04/26/pamela-jiles-anuncia-que-presentara-proyecto-por-un-cuarto-retiro-de-fondos-de-afp/;Pamela Jiles anuncia que presentará proyecto por un cuarto retiro de fondos de AFP;El anuncio se da justo después de que se aprobará en el Congreso el tercer retiro del 10% -por el cual el Gobierno presentó un requerimiento ante el Tribunal Constitucional (TC)- y un día después del anuncio del Presidente Sebastián Piñera de presentar su propia iniciativa para el retiro de los fondos de pensiones.;"La diputada Pamela Jiles informó este lunes a través de su pareja, el candidato a la Gobernación de la Región Metropolitana, Pablo Maltés, que presentará un nuevo proyecto que permita un cuarto retiro del 10% de los fondos de pensiones.

El anuncio se da justo después de que se aprobará en el Congreso el tercer retiro del 10% -por el cual el Gobierno presentó un requerimiento ante el Tribunal Constitucional (TC)- y un día después del anuncio del Presidente Sebastián Piñera de presentar su propia iniciativa para el retiro de los fondos de pensiones. Maltés informó que ""a nombre de la diputada Pamela Jiles, anuncio que ingresaremos un nuevo proyecto de reforma constitucional para un retiro de los fondos previsionales"".

""Este prodrá ser el cuarto o el quinto, depende de si el Presidentre Piñera, como debe hacerlo retira el requerimiento que ingresó el Tribunal Constitucional, en ese caso ese proyecto será el cuarto, y este que estamos ingresando hoy día, será el quinto"", agregó.";True
https://www.publimetro.cl/cl/noticias/2021/04/27/lluvia-santiago-fin-de-semana.html;Pronostican “alta probabilidad” de lluvia para este fin de semana en Santiago;Para este fin de semana se esperan precipitaciones en la Región Metropolitana. También se pronostica lluvia para Valparaíso;"Para este fin de semana se pronostica la llegada de lluvia para la Región Metropolitana.

Según informa Mega, no solamente se esperan precipitaciones para Santiago, sino que también en Valparaíso.

El meteorólogo Jaime Leyton señaló que  “hay una alta probabilidad de que llueva entre sábado y lunes”. “Lo más probable es que el domingo se produzca una lluvia al menos normal. Eso significa que caerían 10 milímetros en Santiago”, expresó.

Las precipitaciones estarán además acompañada del frío, indicando que “la isoterma 0° C será un poco preocupante, porque estará relativamente baja”.

“En Santiago será un evento frío que se extenderá por al menos 3 o 4 días con bajas temperaturas”, afirmó.

Respecto a Valparaíso, Leyton manifestó que “la lluvia podría llegar a ser moderada y muy concentrada entre la tarde del sábado y el domingo en la madrugada. Moderada significa al menos 20 milímetros”.

“Eso con isoterma 0° Alta. Es decir, mucho volumen de agua corriendo”, remató.";True
https://radio.uchile.cl/2021/04/26/manuel-jose-ossandon-el-anuncio-del-presidente-pinera-confirma-que-hay-un-vacio-en-la-conduccion-politica-de-la-nacion/;Manuel José Ossandón: “El anuncio del Presidente Piñera confirma que hay un vacío en la conducción política de la nación”;El senador de Renovación Nacional expresó su descontento con la propuesta de tercer retiro de fondos de las AFP que presentó el Mandatario.;"El senador de Renovación Nacional, Manuel José Ossandón, criticó la propuesta de tercer retiro de fondos de las AFP anunciado por el gobierno y señaló que “llega tarde y agudiza un conflicto institucional que está instalado en el Congreso y que lo tiene a él y al Tribunal Constitucional como protagonistas.

A juicio del parlamentario, “su propuesta lo único que logra es profundizar la desconfianza que genera él y su gobierno. Se pasaron semanas diciendo que era una mala idea el tercer retiro y de un momento a otro se propone un proyecto que, como siempre, es presentado por la fuerza de los hechos”.

Para Ossandón, “presentar este proyecto implica un intento de doblegar al Congreso y profundizar la crisis institucional que está instalada, con parlamentarios que están pidiendo inhabilitarlo”.

En esa línea agregó que “el anuncio del presidente Piñera solo viene a confirmar que hay un vacío en la conducción política de la nación. No hay propuestas de fondo en materia de pensiones y reforma tributaria y se sigue improvisando”.

Finalmente, el senador por Santiago Oriente señaló que “necesitamos un gran acuerdo fiscal y crear políticas públicas que sean respetadas en el futuro y que respondan a la precariedad en la que viven los chilenos. Necesitamos un sistema de protección social. Basta de políticas parches.";True
http://www.lanacion.cl/provoste-critico-cuarto-retiro-del-gobierno-debemos-terminar-esa-logica-de-regateo/;PROVOSTE CRITICÓ “CUARTO RETIRO” DEL GOBIERNO: “DEBEMOS TERMINAR ESA LÓGICA DE REGATEO”;"La presidenta del Senado criticó que se utilicen los fondos previsionales siendo que ""Chile tiene fondo soberano, capacidad de endeudamiento. No nos hemos sentido cómodos con que la crisis la paguen los trabajadores con sus ahorros, pero uno se pregunta que hubiese pasado si no se hubieran aprobado el primer y segundo retiro"".";"En el marco de un convulsionado ambiente después del despacho del proyecto que permitirá un tercer retiro del 10% a los fondos de pensiones, la presidenta del Senado, Yasna Provoste, criticó al Gobierno por frenar la medida en el Tribunal Constitucional y cuestionó las alternativas propuestas en los últimos días.

En conversación con el programa “Mesa Central” de Canal 13, la parlamentaria aclaró que “el tercer retiro aprobado en el Congreso no forma parte de ninguna negociación” con el Gobierno, aclarando que “la idea de que las personas acudan a sus ahorros no es la mejor alternativa (…), pero ha sido una medida desesperada frente a las mezquinas ayudas” del Ejecutivo.

“El Congreso aprobó el tercer retiro abrumadoramente si se compara con el primer retiro”, agregó la senadora desde Vallenar.

Provoste criticó que se utilicen los fondos previsionales siendo que “Chile tiene fondo soberano, capacidad de endeudamiento. No nos hemos sentido cómodos con que la crisis la paguen los trabajadores con sus ahorros, pero uno se pregunta que hubiese pasado si no se hubieran aprobado el primer y segundo retiro”.

Además, la exministra de Educación advirtió que “candidatos de la derecha celebraban un bono de 65 mil pesos hace algunos meses. El estallido social hubiese sido insostenible. Estos retiros han sostenido al Gobierno y este sigue pensando que lo está haciendo bien”.

En esa línea, la profesora cuestionó la búsqueda de alternativas actual del Ejecutivo: “En lugar a abrirse a un proceso de diálogo contundente, lo que quiere plantear al país es un cuarto retiro de los fondos previsionales”.

Por tanto, Provoste aseguró que va a defender el tercer retiro ante el Tribunal Constitucional: “El día viernes, acordamos en la reunión de comité -con los votos en contra de la UDI, Renovación Nacional y Evópoli- hacernos parte del requerimiento y vamos a hacernos parte en los alegatos. Asumir nuestra responsabilidad de respetar la Constitución. Y el Artículo 77 establece la facultad para iniciar reformas constitucionales al Parlamento y al Ejecutivo, ejerce un equilibrio de poderes”.

“Vamos a estar siempre disponibles al diálogo. Nos parece que hoy, dada la fragilidad, donde ni siquiera la coalición gobernante tiene un apoyo cerrado al Ejecutivo, ad portas de un paro nacional, debe remover las conciencias de todos”, agregó.

ACUSACIÓN CONSTITUCIONAL
Por otro lado, Yasna Provoste descartó referirse a la acusación constitucional, aclarando: “No me voy a referir al tema. Primero porque es una facultad exclusiva de la Cámara de Diputados y segundo por que el Senado tiene un rol en el proceso. No creo que los Gobiernos se tengan que derrocar por ninguna vía que no sea la vía democrática”.

“Esperamos contribuir a la unidad de la oposición, que en mi opinión hace una mejor lectura que la del Gobierno. Tenemos que ser capaces de recuperar la gobernabilidad perdida. Porque cuando dijeron que la crisis nos afectaba a todos por igual, es mentira. Los sectores más vulnerable están más pobres mientras que aumenta la fortuna de los chilenos más acomodados”, agregó.

“Debemos terminar esa lógica de regateo”, sentenció la legisladora.";True
https://www.biobiochile.cl/noticias/nacional/region-del-bio-bio/2021/04/26/carabineros-son-atacados-a-tiros-en-sector-del-puente-lleu-lleu-en-la-provincia-de-arauco.shtml;Carabineros son atacados a tiros en sector del Puente Lleu Lleu en la provincia de Arauco;;"Serios incidentes se registran a esta hora al sur de la provincia de Arauco, en la región del Bío Bío.

Según información que maneja La Radio, un grupo de personas habría bloqueado la ruta P-72-S, que conecta las comunas de Cañete y Tirúa, específicamente en el sector de Quilaco bajo.

Además, en el sector del Puente Lleu Lleu, al sur de Cañete, vehículos blindados de Carabineros fueron atacados a tiros por desconocidos. En el lugar, se habrían escuchado una serie de disparos y, al menos, dos explosiones.

Hasta el momento, no habría personas lesionadas y sólo un vehículo policial tendría daños.";True
https://www.latercera.com/politica/noticia/servel-notifica-a-gabriel-boric-que-logro-juntar-las-firmas-para-inscribir-su-primaria-presidencial-a-horas-de-que-venciera-el-plazo/IM74ZTJRCFEATFJIY5FA3W5QUQ/;Servel notifica a Gabriel Boric que logró juntar las firmas para inscribir su primaria presidencial a horas de que venciera el plazo;Boric había lanzado durante las últimas semanas una intensa campaña de recolección de firmas para poder enfrentar el desafío presidencial, un proceso que hasta ayer registraba que faltaban 4.280 rúbricas.;"Parecía un desafío complejo, pero finalmente lo consiguió. El diputado y carta presidencial de Convergencia Social, Gabriel Boric, logró obtener las afiliaciones necesarias para inscribirse en la primaria presidencial.   “Nos dijeron que era imposible, pero aquí estamos ¡Superamos la cantidad de firmas! Seremos parte de una primaria para construir unidad y ofrecer una alternativa de gobierno a este tan esperanzador nuevo Chile. Gracias por el cariño. Gracias por la confianza. Seguimos!”, confirmó el parlamentario por Magallanes vía Twitter.

La presidenta de Convergencia Social, Alondra Arellano, también celebró el que se cumpliera la meta: “Hemos logrado juntar las firmas para poder inscribir a nuestro compañero diputado, Gabriel Boric como candidato presidencial, en unas primarias que esperamos reúna a todas las fuerzas que hoy queremos cambiar Chile. Estoy realmente agradecida y muy orgullosa de todo el esfuerzo de la militancia porque han demostrado una entrega increíble hoy día”, indicó.

La noticia vino a confirmar los excelentes resultados obtenidos por el partido en los comicios de ayer, donde lograron elegir a 7 convencionales constituyentes, tres alcaldesas y cerca de 51 concejales.";True
https://www.diariorural.cl/fia-ratifica-compromiso-regional-y-confirma-representante-en-antofagasta/;FIA ratifica compromiso regional y confirma representante en Antofagasta;"En su segunda visita a la región de Antofagasta, el director ejecutivo de la Fundación para la Innovación Agraria (FIA), Álvaro Eyzaguirre, anunció el nombre oficial de la representante – exclusiva – de la agencia para la ciudad portuaria; y, a su vez, el seremi de Agricultura, Gerardo ­Castro, detalló los avances del Laboratorio basado en el cultivo innovador y tecnológico impulsado por FIA.";"Las declaraciones fueron realizadas luego de la reunión con la Asociación Gremial de Agricultura Altos de la Portada de Antofagasta (Asgralpa) y el recorrido que realizaron las autoridades por la Planta Desaladora de Aguas de Antofagasta.

“El año pasado hicimos una reestructuración potente a nivel nacional, incorporando al equipo siete representantes desde Arica hasta Magallanes, quienes son los encargados de relacionarse con diferentes actores muy importantes para el desarrollo de cada proyecto. Y en ese sentido, el laboratorio de Antofagasta para nosotros es tan valioso que decidimos sumar a Valeska Alcayaga para que con exclusividad se dedique a la región”, señaló el director ejecutivo de la Fundación para la Innovación Agraria (FIA), Álvaro Eyzaguirre, agregando que la profesional oriunda de Calama y académica de la Universidad de Antofagasta comenzará sus labores en enero.

Su propósito, para comenzar, es difundir los cuatro instrumentos estratégicos de FIA para fomentar la innovación: capacitación, redes para innovar, información e incentivo financiero. Y cuyo objetivo es que Antofagasta pueda producir, independiente de su asentamiento en el desierto más árido del mundo, sus propios alimentos con baja disponibilidad de agua.

“Queremos que la región de Antofagasta compita codo a codo con todas las ciudades de Chile para la adjudicación de convocatorias. Tenemos disponibilidad y disposición para promover, asesorar y guiar a todos los agricultores e innovadores del rubro silvoagroalimentario que quieran ser parte del cambio. Hay muchas herramientas y grupo humano, así que confiamos en que nuestra nueva representante pueda ayudarnos a concretar el desafío”, agrega el director ejecutivo.

Laboratorio para el desierto

En cuanto al avance del Laboratorio birregional para la agricultura del desierto, proyecto que desde hace años se está discutiendo su gestión y materialización, el seremi de Agricultura de Antofagasta, Gerardo Castro, aclaró que la representante regional además “administrará, con expedita facultad, la etapa correspondiente a la instalación de riego y el diseño de la carta de navegación – que realizaremos en seis meses – para los próximos 15 o 25 años. Aquella que se concretiza con el desarrollo del capital humano, tecnologías emergentes y la adquisición y administración de los recursos (…) Agradecemos a FIA porque ellos han sido el vehículo para presentar la propuesta a Corfo”.

Además, Castro argumentó la necesidad de pensar definitivamente en proyectos que generen las condiciones completas para que un agricultor pueda producir. En definitiva, dice Castro, “hay que buscar soluciones de producciones de alimentos. Esta región necesita seguridad alimentaria”.

Fundamentos

En esta línea, es importante recalcar que actualmente las comunas que participan activamente de una agricultura tradicional son Calama y San Pedro de Atacama, produciendo principalmente hortalizas (de hoja y solanáceas) y maíz (choclo y forraje). Siendo el ciento por ciento de la producción utilizada para satisfacer la demanda alimentaria, quedando un 60% insatisfecha en base a los productos producidos en la zona, por lo que se debe importar los vegetales desde otras regiones (tramo Arica y Parinacota y Coquimbo) para cubrir el consumo.

Es por esta razón, que el Laboratorio considera la urgencia de trabajar en la implementación de tecnologías que permitan mejorar las condiciones de riego y no depender del factor suelo, ya que es una práctica de alto costo. Por lo que los esfuerzos en investigación, desarrollo e innovación serán destinados al uso de cultivos sin suelo para aumentar, por un lado, las unidades de producción por metro cuadrado con un menor uso del agua.

En segundo lugar, para FIA, las regiones de Antofagasta y Tarapacá, gracias a su radiación solar, están llamadas a ser el laboratorio natural para la agricultura del desierto en Chile. “Su potencial energético único en el mundo más el establecimiento de planes metodológicos de manejo y aplicación de tecnología, las convertirán en el referente y anticipación para la agricultura de las otras regiones del país y del mundo”, señaló Eyzaguirre.";True
https://www.diarioantofagasta.cl/regional/antofagasta/138131/antofagasta-detienen-a-vocal-de-mesa-por-fumar-marihuana-en-liceo-la-portada/;Antofagasta: Detienen a vocal de mesa por fumar marihuana en Liceo La Portada;El sujeto, además mantenía en su poder una pequeña cantidad, al parecer para su consumo.;"Durante la segunda jornada de votación, un vocal de mesa del Liceo La Portada de Antofagasta, fue detenido por la ley 20.000.

Alrededor de las 17:20 horas, cercano al cierre de mesas, el hombre fue sorprendido consumiendo un cigarrillo artesanal con marihuana al interior del local de votación. Además, mantenía en su poder una pequeña cantidad, al parecer para su consumo.

A raíz del hecho, fue detenido por personal de carabineros del OS7 bajo la Ley 20.000.";True
